PORT_ID,VESSEL_TYPE_ID_missing_ratio,IS_BALLAST_missing_ratio,TERMINAL_ID_missing_ratio,COMMODITY_ID_missing_ratio,n_obs
103029,0.09009009009009009,0.0,1.0,0.07207207207207207,111
104526,0.08974358974358974,0.0,1.0,0.1282051282051282,78
101122,0.3333333333333333,0.0,0.9861111111111112,0.18055555555555555,72
100469,0.0,0.0,1.0,0.0,45
100817,0.5666666666666667,0.0,0.9666666666666667,0.3,30
101967,0.06896551724137931,0.0,1.0,0.13793103448275862,29
101690,0.48148148148148145,0.0,1.0,0.25925925925925924,27
104131,0.7692307692307693,0.0,1.0,0.15384615384615385,26
100682,0.0,0.0,1.0,0.0,26
102955,0.0,0.0,1.0,0.0,25
101435,0.0,0.0,1.0,0.043478260869565216,23
100963,0.391304347826087,0.0,1.0,0.21739130434782608,23
103378,0.22727272727272727,0.0,1.0,0.0,22
102825,0.21052631578947367,0.0,1.0,0.0,19
103527,0.1111111111111111,0.0,1.0,0.1111111111111111,18
106354,0.07142857142857142,0.0,1.0,0.0,14
100265,0.0,0.0,1.0,0.0,13
102146,0.0,0.0,1.0,0.0,13
100195,0.0,0.0,1.0,0.0,13
104146,0.0,0.0,1.0,0.0,11
110107,0.0,0.0,1.0,0.0,11
101962,0.0,0.0,1.0,0.0,10
101677,0.0,0.0,1.0,0.0,10
102379,0.0,0.0,1.0,0.2,10
103707,0.5,0.0,0.9,0.0,10
100343,0.0,0.0,1.0,0.0,10
103963,0.9,0.0,1.0,0.0,10
102567,0.0,0.0,1.0,0.0,9
102517,0.0,0.0,1.0,0.0,9
104130,0.125,0.0,1.0,0.75,8
103274,0.0,0.0,1.0,0.0,8
102355,0.0,0.0,1.0,0.0,8
100694,0.0,0.0,1.0,0.0,8
101506,0.0,0.0,1.0,0.0,8
104559,0.0,0.0,1.0,0.0,8
104284,0.0,0.0,0.875,0.0,8
108623,0.0,0.0,1.0,0.0,7
103315,1.0,0.0,0.8571428571428571,0.0,7
101014,0.0,0.0,1.0,0.14285714285714285,7
101799,0.0,0.0,1.0,0.0,7
101749,0.0,0.0,1.0,0.0,6
102036,1.0,0.0,1.0,0.0,6
106681,0.0,0.0,1.0,0.0,6
103154,0.0,0.0,1.0,0.0,6
101266,1.0,0.0,1.0,0.0,6
101040,0.0,0.0,1.0,0.0,6
101110,0.0,0.0,1.0,0.0,6
101234,0.0,0.0,1.0,0.0,6
101278,0.0,0.0,1.0,0.0,6
101379,0.0,0.0,1.0,0.0,6
101390,0.0,0.0,1.0,0.0,6
104698,0.0,0.0,1.0,0.0,6
104658,0.0,0.0,1.0,0.0,6
101651,1.0,0.0,1.0,0.0,6
101137,0.0,0.0,1.0,0.0,5
102886,0.0,0.0,1.0,0.0,5
101705,0.0,0.0,1.0,0.0,5
100955,0.0,0.0,1.0,0.0,5
101095,0.0,0.0,1.0,1.0,5
104040,0.0,0.0,0.0,0.0,5
103578,0.0,0.0,1.0,0.0,5
103370,0.0,0.0,1.0,0.0,5
103287,1.0,0.0,1.0,0.0,5
100269,1.0,0.0,1.0,0.0,5
104424,0.0,0.0,1.0,0.0,5
102351,0.0,0.0,1.0,0.0,5
104420,0.8,0.0,1.0,0.2,5
103281,0.4,0.0,1.0,0.0,5
104417,0.75,0.0,1.0,0.75,4
103011,0.75,0.0,1.0,0.25,4
103905,0.0,0.0,1.0,0.0,4
101371,0.0,0.0,1.0,0.0,4
101545,0.0,0.0,1.0,0.0,4
102035,0.75,0.0,0.75,0.25,4
103514,1.0,0.0,1.0,0.5,4
104645,0.0,0.0,1.0,0.0,4
104418,0.6666666666666666,0.0,1.0,0.3333333333333333,3
103681,0.0,0.0,1.0,0.0,3
104109,0.6666666666666666,0.0,1.0,0.6666666666666666,3
104419,1.0,0.0,0.3333333333333333,0.3333333333333333,3
100071,0.6666666666666666,0.0,1.0,0.6666666666666666,3
103459,1.0,0.0,1.0,0.0,3
100551,1.0,0.0,1.0,0.0,3
101770,0.0,0.0,1.0,0.0,3
104078,0.0,0.0,1.0,0.5,2
110855,1.0,0.0,1.0,0.0,2
100385,0.5,0.0,0.0,0.0,2
108424,0.5,0.0,1.0,0.0,2
105591,0.0,0.0,1.0,0.0,2
100744,1.0,0.0,0.0,0.0,2
101059,0.5,0.0,1.0,0.0,2
104441,1.0,0.0,1.0,0.0,2
104421,0.5,0.0,0.0,0.0,2
104360,1.0,0.0,1.0,0.0,2
102513,0.5,0.0,1.0,0.0,2
101588,0.0,0.0,1.0,0.5,2
110876,1.0,0.0,1.0,0.5,2
103742,0.0,0.0,1.0,0.0,2
103670,0.0,0.0,1.0,0.0,2
110331,0.0,0.0,1.0,0.0,1
103347,0.0,0.0,0.0,0.0,1
101055,0.0,0.0,1.0,0.0,1
100946,1.0,0.0,1.0,0.0,1
103271,1.0,0.0,1.0,0.0,1
100651,1.0,0.0,1.0,0.0,1
104903,0.0,0.0,1.0,0.0,1
105590,0.0,0.0,1.0,0.0,1
103276,0.0,0.0,1.0,0.0,1
106116,0.0,0.0,1.0,0.0,1
100611,0.0,0.0,1.0,0.0,1
103571,0.0,0.0,1.0,0.0,1
107532,0.0,0.0,1.0,0.0,1
107748,1.0,0.0,1.0,0.0,1
108127,1.0,0.0,1.0,0.0,1
103607,1.0,0.0,1.0,0.0,1
100517,0.0,0.0,1.0,0.0,1
104546,0.0,0.0,1.0,1.0,1
102742,0.0,0.0,1.0,1.0,1
102813,1.0,0.0,1.0,0.0,1
103888,1.0,0.0,0.0,0.0,1
102546,0.0,0.0,1.0,0.0,1
102858,0.0,0.0,1.0,0.0,1
102308,0.0,0.0,1.0,0.0,1
101973,1.0,0.0,1.0,1.0,1
104168,1.0,0.0,1.0,0.0,1
104177,1.0,0.0,1.0,0.0,1
104266,1.0,0.0,1.0,1.0,1
103899,0.0,0.0,1.0,0.0,1
104416,1.0,0.0,1.0,0.0,1
103758,0.0,0.0,1.0,0.0,1
101744,0.0,0.0,1.0,0.0,1
101719,0.0,0.0,0.0,1.0,1
103548,1.0,0.0,1.0,0.0,1
101514,1.0,0.0,1.0,0.0,1
103793,0.0,0.0,1.0,0.0,1
101426,0.0,0.0,1.0,1.0,1
104434,1.0,0.0,1.0,0.0,1
104435,1.0,0.0,1.0,0.0,1
104493,1.0,0.0,1.0,1.0,1
